timeStamp,elapsed,label,responseCode,responseMessage,threadName,dataType,success,failureMessage,bytes,sentBytes,grpThreads,allThreads,URL,Latency,IdleTime,Connect
1618572277536,1799,HTTP Request add,200,OK,soaprequest 1-6,text,true,,585,432,10,10,http://www.dneonline.com/calculator.asmx,1764,0,1322
1618572277608,1727,HTTP Request add,200,OK,soaprequest 1-9,text,true,,585,432,10,10,http://www.dneonline.com/calculator.asmx,1692,0,1249
1618572277537,1798,HTTP Request add,200,OK,soaprequest 1-4,text,true,,585,432,10,10,http://www.dneonline.com/calculator.asmx,1763,0,1307
1618572277536,1799,HTTP Request add,200,OK,soaprequest 1-5,text,true,,585,432,10,10,http://www.dneonline.com/calculator.asmx,1764,0,1263
1618572277709,1626,HTTP Request add,200,OK,soaprequest 1-10,text,true,,585,432,10,10,http://www.dneonline.com/calculator.asmx,1591,0,1148
1618572277536,1799,HTTP Request add,200,OK,soaprequest 1-8,text,true,,585,432,10,10,http://www.dneonline.com/calculator.asmx,1764,0,1307
1618572277537,1797,HTTP Request add,200,OK,soaprequest 1-7,text,true,,585,432,10,10,http://www.dneonline.com/calculator.asmx,1763,0,1321
1618572277536,1798,HTTP Request add,200,OK,soaprequest 1-3,text,true,,585,432,10,10,http://www.dneonline.com/calculator.asmx,1763,0,1307
1618572277536,1798,HTTP Request add,200,OK,soaprequest 1-1,text,true,,585,432,10,10,http://www.dneonline.com/calculator.asmx,1763,0,1306
1618572277535,1799,HTTP Request add,200,OK,soaprequest 1-2,text,true,,585,432,10,10,http://www.dneonline.com/calculator.asmx,1764,0,1308
1618572280907,368,HTTP Request sub,200,OK,soaprequest 1-8,text,true,,605,447,10,10,http://www.dneonline.com/calculator.asmx,368,0,0
1618572280908,369,HTTP Request sub,200,OK,soaprequest 1-3,text,true,,605,447,10,10,http://www.dneonline.com/calculator.asmx,369,0,0
1618572280907,371,HTTP Request sub,200,OK,soaprequest 1-1,text,true,,605,447,10,10,http://www.dneonline.com/calculator.asmx,370,0,0
1618572280905,373,HTTP Request sub,200,OK,soaprequest 1-2,text,true,,605,447,10,10,http://www.dneonline.com/calculator.asmx,373,0,0
1618572280907,380,HTTP Request sub,200,OK,soaprequest 1-10,text,true,,605,447,10,10,http://www.dneonline.com/calculator.asmx,380,0,0
1618572280906,381,HTTP Request sub,200,OK,soaprequest 1-5,text,true,,605,447,10,10,http://www.dneonline.com/calculator.asmx,381,0,0
1618572280906,381,HTTP Request sub,200,OK,soaprequest 1-4,text,true,,605,447,10,10,http://www.dneonline.com/calculator.asmx,381,0,0
1618572280905,384,HTTP Request sub,200,OK,soaprequest 1-9,text,true,,605,447,10,10,http://www.dneonline.com/calculator.asmx,383,0,0
1618572280905,389,HTTP Request sub,200,OK,soaprequest 1-6,text,true,,605,447,10,10,http://www.dneonline.com/calculator.asmx,389,0,0
1618572280907,387,HTTP Request sub,200,OK,soaprequest 1-7,text,true,,605,447,10,10,http://www.dneonline.com/calculator.asmx,387,0,0
1618572281279,340,HTTP Request multiply,200,OK,soaprequest 1-8,text,true,,606,447,10,10,http://www.dneonline.com/calculator.asmx,340,0,0
1618572281279,345,HTTP Request multiply,200,OK,soaprequest 1-3,text,true,,606,447,10,10,http://www.dneonline.com/calculator.asmx,345,0,0
1618572281280,344,HTTP Request multiply,200,OK,soaprequest 1-1,text,true,,606,447,10,10,http://www.dneonline.com/calculator.asmx,344,0,0
1618572281289,348,HTTP Request multiply,200,OK,soaprequest 1-5,text,true,,606,447,10,10,http://www.dneonline.com/calculator.asmx,348,0,0
1618572281289,349,HTTP Request multiply,200,OK,soaprequest 1-10,text,true,,606,447,10,10,http://www.dneonline.com/calculator.asmx,348,0,0
1618572281290,348,HTTP Request multiply,200,OK,soaprequest 1-4,text,true,,606,447,10,10,http://www.dneonline.com/calculator.asmx,348,0,0
1618572281280,357,HTTP Request multiply,200,OK,soaprequest 1-2,text,true,,606,447,10,10,http://www.dneonline.com/calculator.asmx,357,0,0
1618572281292,349,HTTP Request multiply,200,OK,soaprequest 1-9,text,true,,606,447,10,10,http://www.dneonline.com/calculator.asmx,349,0,0
1618572281296,346,HTTP Request multiply,200,OK,soaprequest 1-7,text,true,,606,447,10,10,http://www.dneonline.com/calculator.asmx,346,0,0
1618572281296,348,HTTP Request multiply,200,OK,soaprequest 1-6,text,true,,606,447,10,10,http://www.dneonline.com/calculator.asmx,348,0,0
1618572281642,675,HTTP Request divide,200,OK,soaprequest 1-2,text,true,,597,442,10,10,http://www.dneonline.com/calculator.asmx,675,0,0
1618572281640,677,HTTP Request divide,200,OK,soaprequest 1-5,text,true,,597,442,10,10,http://www.dneonline.com/calculator.asmx,677,0,0
1618572281627,692,HTTP Request divide,200,OK,soaprequest 1-1,text,true,,597,442,10,10,http://www.dneonline.com/calculator.asmx,692,0,0
1618572281627,689,HTTP Request divide,200,OK,soaprequest 1-3,text,true,,597,442,10,10,http://www.dneonline.com/calculator.asmx,689,0,0
1618572281640,681,HTTP Request divide,200,OK,soaprequest 1-10,text,true,,597,442,10,10,http://www.dneonline.com/calculator.asmx,681,0,0
1618572281646,679,HTTP Request divide,200,OK,soaprequest 1-6,text,true,,597,442,8,8,http://www.dneonline.com/calculator.asmx,679,0,0
1618572281622,694,HTTP Request divide,200,OK,soaprequest 1-8,text,true,,597,442,10,10,http://www.dneonline.com/calculator.asmx,694,0,0
1618572281640,683,HTTP Request divide,200,OK,soaprequest 1-4,text,true,,597,442,10,10,http://www.dneonline.com/calculator.asmx,683,0,0
1618572281644,678,HTTP Request divide,200,OK,soaprequest 1-9,text,true,,597,442,10,10,http://www.dneonline.com/calculator.asmx,678,0,0
1618572281644,679,HTTP Request divide,200,OK,soaprequest 1-7,text,true,,597,442,10,10,http://www.dneonline.com/calculator.asmx,679,0,0
